Post Link,title,CreationDate,PostTypeId,AnswerCount,tags,ViewCount,Score,User Link,LastActivityDate,LastEditDate,ClosedDate
"29683510","Linux chcon: can't apply partial context to unlabeled file","2015-04-16 18:50:17","1","1","<linux><centos><selinux>","45","0","3502786","2015-04-17 03:29:28","",""
"29741113","Openfire wont start in my centos server","2015-04-20 06:55:58","1","0","<java><openfire>","21","-1","3559515","2015-04-20 06:55:58","",""
"29758211","Rails public folder reroute to controller index","2015-04-20 20:54:29","1","0","<ruby-on-rails><apache><routes>","21","0","4812084","2015-04-22 13:21:52","2015-04-22 13:21:52",""
"29763848","how to get send, receive byte and network bandwidth from different servers to parse with elk stack (elasticsearch logstash kibana)","2015-04-21 05:42:04","1","1","<logstash>","15","0","4813287","2015-04-21 20:50:37","2015-04-21 05:54:26",""
"29777841","Vagrant won't use static IP and Authentication failure on custom Centos Box","2015-04-21 16:18:03","1","1","<ubuntu><vagrant><virtualbox><centos6><vagrantfile>","28","0","650206","2015-04-23 16:11:00","2015-04-23 15:58:25",""
"29788597","Unable to Connect to GitHub.com For Cloning in ffmpeg installation","2015-04-22 05:37:49","1","1","<php><git><github><ffmpeg>","15","0","3592176","2015-04-22 08:57:53","2015-04-22 08:57:53",""
"29790076","Error while installing gcc 4.8 on scientific linux 6","2015-04-22 07:01:52","1","1","<c++><linux><gcc>","28","0","4360034","2015-04-22 07:38:53","2015-04-22 07:38:53",""
"29799846","const string reference as non-type template argument","2015-04-22 13:57:07","1","1","<c++><string><templates><gcc><const-reference>","41","1","1586878","2015-04-22 14:13:47","",""
"29819333","Centos multiple hosting ssh","2015-04-23 09:31:56","1","0","<apache><centos><server><centos6><vhosts>","28","0","4294946","2015-04-23 15:43:07","2015-04-23 15:43:07",""
"29823682","Update Perl version on CentOS 6.6","2015-04-23 12:36:55","1","4","<linux><perl><centos><updates>","27","0","3960293","2015-04-23 13:35:57","",""
"29829329","Geographical load balancing for Joomla website hosted on Azure Linux Virtual Machine","2015-04-23 16:27:20","1","0","<azure><joomla><centos><load-balancing><cdn>","11","0","1685419","2015-04-23 16:27:20","",""
"29831501","Docker not reporting memory usage correctly?","2015-04-23 18:25:20","1","0","<linux><memory><docker><centos7><rhel7>","11","1","2899772","2015-04-23 18:25:20","",""
"29849766","Should I either remove apache, php, tomcat, mysqll, or should I update them?","2015-04-24 14:12:37","1","0","<php><apache><tomcat><centos><lamp>","22","-5","3842906","2015-04-24 15:29:14","2015-04-24 15:29:14",""
"29858989","Can Django be configured without httpd.conf modifications?","2015-04-24 23:10:05","1","0","<django><apache><centos><wsgi><centos6>","16","0","2199852","2015-04-25 01:05:47","2015-04-25 01:05:47",""
"29863397","Disable error log file creation by php","2015-04-25 09:28:24","1","0","<php><unix><centos><cpanel>","19","0","2392904","2015-04-25 09:28:24","","2015-04-25 09:51:10"
"29867396","Origin Vagrantfile location from box-embedded Vagrantfile","2015-04-25 15:53:08","1","0","<ruby><vagrant><vagrantfile>","8","0","672885","2015-04-25 18:14:53","2015-04-25 18:14:53",""
"29305198","Error sending mail for Bugzilla with PostFix in CentOS","2015-03-27 16:09:21","1","0","<smtp><centos><sendmail><postfix><bugzilla>","19","-1","3233398","2015-03-27 16:09:21","",""
"29314824","PF_RING libpcap configure on CentOS 7","2015-03-28 07:38:04","1","0","<configure><libpcap><centos7><snort><pf-ring>","66","-1","4723291","2015-03-28 07:38:04","",""
"29314882","Error with PSCP to EC2 instance of CentOS 6.5","2015-03-28 07:46:49","1","0","<linux><amazon-ec2><permissions><centos><pscp>","12","-2","1191733","2015-03-28 07:46:49","",""
"29338136","Why Nginx welcome page is available even if I didn't run nginx?","2015-03-30 03:52:48","1","1","<linux><nginx><centos><server>","26","1","2485708","2015-03-30 05:38:13","",""
"29364205","How to add a gateway to eth0?","2015-03-31 08:39:45","1","0","<linux><amazon-web-services><centos><redhat>","19","-1","4183147","2015-03-31 08:47:23","2015-03-31 08:47:23",""
"29373058","Set up openbadge badgekit - ""npm install client-sessions"" fails","2015-03-31 15:57:57","1","0","<node.js><centos><mozilla><openbadge>","16","0","209007","2015-03-31 15:57:57","",""
"29373062","Dynamic Libraries APC","2015-03-31 15:58:08","1","0","<php><linux><centos><apc>","16","0","3929850","2015-03-31 15:58:08","",""
"29390236","How do you configure PHP to use mysql instead of sqlite","2015-04-01 11:59:56","1","1","<php><mysql><mysqli>","36","0","4738088","2015-04-01 12:48:07","2015-04-01 12:48:07",""
"29394119","installing texinfo on redhat centos 7 ppc64","2015-04-01 14:55:24","1","1","<perl><centos><redhat><rpm><texinfo>","49","0","1199712","2015-04-02 00:22:25","2015-04-01 15:03:09",""
"29396838","Error on starting the application Puppet in the Generic enablers Cosmos","2015-04-01 17:13:08","1","0","<bigdata><puppet><yum><fiware>","37","0","4734887","2015-04-01 17:18:19","2015-04-01 17:18:19",""
"29424682","Centos7 install clisp","2015-04-03 00:37:14","1","0","<lisp><clisp><centos7>","15","-1","807707","2015-04-03 00:52:38","2015-04-03 00:52:38",""
"29694225","NullPointerException on a Mariadb stored procedure call when my java server is run on our server, but not when it's run on my dev machine","2015-04-17 08:36:28","1","0","<java><jvm><centos><mariadb>","22","0","571875","2015-04-17 09:13:17","2015-04-17 09:13:17",""
"29698148","Error when I try to install php 5.4","2015-04-17 11:41:10","1","1","<php><centos><install><centos6><php-5.4>","42","0","4794271","2015-04-21 06:58:42","2015-04-21 06:58:42",""
"29720828","Having issues upgrading PHP 5.3.3 to 5.5","2015-04-18 17:57:00","1","0","<php><apache><centos>","27","0","4805172","2015-04-18 18:16:54","2015-04-18 18:16:54",""
"29746405","Installing Laravel on centos","2015-04-20 11:18:47","1","1","<php>","28","0","4727511","2015-04-21 07:31:45","2015-04-20 13:30:05",""
"29768040","Could not parse for environment production: no 'environments'","2015-04-21 09:23:36","1","1","<centos><puppet><foreman>","22","-1","3679529","2015-04-22 09:50:10","2015-04-21 11:36:14",""
"29789364","Upload files to CentOS","2015-04-22 06:25:22","1","3","<windows><centos><hyper-v>","21","-1","3768665","2015-04-22 07:20:19","2015-04-22 07:20:19","2015-04-22 07:30:04"
"29791812","Timezone doesn't change after update to Asia/Tehran in CentOS 6.6","2015-04-22 08:29:27","1","1","<linux><date><time><centos>","15","0","4489520","2015-04-23 13:23:31","",""
"29801665","Node js and LESS installation on Centos 7 for Symfony 2 application","2015-04-22 15:04:59","1","1","<node.js><symfony2><less>","15","0","4820025","2015-04-24 05:34:23","2015-04-22 15:36:05",""
"29826800","Best environment to install centos 7 on laptop to use system as web server","2015-04-23 14:40:54","1","0","<centos7>","16","1","1577121","2015-04-24 22:49:54","2015-04-24 22:49:54",""
"29844237","How to run GUI application from linux container in Window using Docker?","2015-04-24 09:49:30","1","1","<window><docker><boot2docker><docker-compose>","17","2","4774261","2015-04-24 10:38:42","",""
"29861073","Centos 6.6 shell script -syntax error near unexpected token","2015-04-25 04:38:56","1","1","<linux><bash><shell><centos>","14","-1","4732116","2015-04-25 04:55:01","2015-04-25 04:47:41",""
"29869454","Website slow loading on VPS","2015-04-25 19:04:00","1","1","<mysql><performance><apache><nginx><centos>","15","-1","4592147","2015-04-25 19:47:39","",""
"29872837","Change User ID and Group ID that is used for Writes on Website (WordPress)","2015-04-26 01:58:44","1","0","<linux><wordpress><nginx><centos><file-permissions>","6","0","4285333","2015-04-26 01:58:44","",""
"29300613","Why ""sudo"" permission is different in CentOs and Ubuntu?","2015-03-27 12:24:29","1","0","<ubuntu><permissions><centos><sudo>","6","-1","4720624","2015-03-27 12:24:29","",""
"29308716","Installing nxlog on centos5 (dependencies)","2015-03-27 19:27:54","1","1","<linux><centos><rpm><yum><nxlog>","44","0","1175922","2015-03-28 20:52:43","",""
"29312407","Install OpenCV-2.4.9 on CentOS 7 (PC)","2015-03-28 00:55:00","1","1","<linux><opencv><centos>","45","0","2960039","2015-03-29 07:29:40","",""
"29312430","PHP Timezone different then Centos date","2015-03-28 00:58:38","1","1","<php><nginx><centos>","23","0","1543428","2015-03-28 07:41:38","2015-03-28 07:41:38",""
"29339241","Telnet connection refused","2015-03-30 05:53:51","1","3","<centos><telnet>","38","0","2780735","2015-04-02 03:10:10","",""
"29341373","Change httpd.conf of specific user","2015-03-30 08:17:30","1","1","<centos><httpd.conf>","14","0","2823494","2015-03-30 08:28:42","",""
"29350779","My server centos turn off automatically","2015-03-30 15:56:28","1","0","<server><centos7>","30","-1","4515740","2015-03-30 15:56:28","",""
"29352877","Setting up vagrant in virtualbox","2015-03-30 17:50:56","1","1","<vagrant><virtualbox>","40","0","3816096","2015-03-31 14:57:36","2015-03-31 14:57:36",""
"29367222","","2015-03-31 11:07:59","2","","","","1","194063","2015-03-31 11:07:59","",""
"29367382","AWS EMR Requirements and Price","2015-03-31 11:16:47","1","0","<linux><hadoop><amazon-ec2><hive><amazon-emr>","13","-1","3291973","2015-03-31 12:52:25","2015-03-31 12:52:25",""
"29378051","Inconsistent runtime kernel parameters in DOCKER container and on host","2015-03-31 20:35:05","1","1","<hadoop><docker><bluemix><sysctl><biginsights>","56","0","3656912","2015-04-01 13:57:53","",""
"29380344","docker exec -it command returns following error ""cannot enable tty mode on non tty input""","2015-03-31 23:34:49","1","1","<centos><docker>","153","0","2118095","2015-04-01 23:01:36","2015-04-01 01:24:03",""
"29398730","if block without else shell script in %preun scriptlet","2015-04-01 19:01:36","1","2","<bash><shell><centos><rpm><rpmbuild>","44","-1","904379","2015-04-02 11:38:32","",""
"29418196","Firefox with selenium-server-standalone-2.45.0","2015-04-02 16:46:28","1","0","<php><google-chrome><firefox><selenium><mink>","98","0","3464546","2015-04-08 19:05:42","2015-04-08 19:05:42",""
"29420945","can't use mail() on nginx but can send mail on console using msmtp","2015-04-02 19:29:22","1","0","<nginx><centos><gmail><php-fpm><msmtp>","22","-1","1824371","2015-04-02 19:29:22","",""
"29427274","Exec(""adduser myownuser"") not working on CentOS server","2015-04-03 06:27:55","1","1","<php><linux><nginx><centos>","19","0","2658382","2015-04-03 07:13:19","2015-04-03 07:04:13",""
"29686866","lxc-create --download gives different list as root","2015-04-16 22:09:07","1","0","<ubuntu-14.04><sudo><lxc><linux-containers>","12","0","4784334","2015-04-21 05:57:43","2015-04-21 05:57:43",""
"29690388","Redis ""Fatal error, can't open config file 'restart'"" after a crash","2015-04-17 04:34:13","1","0","<redis>","10","0","1006225","2015-04-17 04:34:13","",""
"29690534","","2015-04-17 04:46:21","2","","","","1","1545014","2015-04-19 12:58:31","2015-04-19 12:58:31",""
"29720351","Apache Server Hosting Multiple Sites Using Different Directories (CentOS)","2015-04-18 17:12:12","1","1","<php><apache><amazon-ec2><centos>","25","0","2421688","2015-04-18 17:32:47","",""
"29726812","how to choose version of mongodb,suported ssl","2015-04-19 07:00:43","1","0","<mongodb><ssl><centos6>","15","0","1953890","2015-04-19 07:00:43","",""
"29729245","","2015-04-19 11:28:08","2","","","","0","4783831","2015-04-19 11:28:08","",""
"29742948","wkhtmltopdf + laravel 4 + centos 6.4 = bad encoding","2015-04-20 08:39:55","1","0","<laravel><pdf-generation>","6","0","3577827","2015-04-20 08:39:55","",""
"29745189","Can a normal user execute ""shutdown now"" successfully?","2015-04-20 10:20:53","1","0","<centos><shutdown>","19","0","847919","2015-04-20 11:21:02","2015-04-20 11:21:02",""
"29764568","throw new FileException('File must be readable.');","2015-04-21 06:31:17","1","2","<php><linux><laravel-4><centos>","23","1","2131251","2015-04-21 07:20:24","",""
"29766055","Failed to build these modules: _hashlib _ssl centos5.4 python2.7.9","2015-04-21 07:50:05","1","0","<python><ssl><openssl>","20","-5","1856518","2015-04-21 07:50:05","",""
"29779106","How to upload OpenStack Ubuntu Cloud images to AWS EC2?","2015-04-21 17:23:35","1","0","<ubuntu><amazon-ec2><virtual-machine><openstack><ami>","18","1","2625096","2015-04-23 13:54:13","2015-04-23 13:54:13",""
"29803043","Scheduler on Debian","2015-04-22 16:02:11","1","0","<debian><scheduled-tasks><web2py>","8","-1","4820339","2015-04-22 16:02:11","",""
"29830510","mod_rewrite.so is missing under /etc/httpd/modules","2015-04-23 17:30:55","1","1","<apache><.htaccess><mod-rewrite><centos><centos6>","19","0","4742487","2015-04-24 14:18:41","",""
"29838037","Centos 7 and systemd: CPU Quota?","2015-04-24 03:06:58","1","1","<centos><centos7><systemd><cgroups><resource-scheduling>","14","0","4547826","2015-04-24 20:24:43","",""
"29843669","cron service is running but not executing cron jobs in centos","2015-04-24 09:26:37","1","1","<tomcat><cron><centos><logrotate><catalina>","7","0","2219920","2015-04-24 10:40:11","",""
"29845882","Getting error while creating the AWS EC2 Own AMI using EC2 instance","2015-04-24 11:06:17","1","0","<linux><amazon-ec2><centos><ami>","16","1","2318656","2015-04-24 11:06:17","",""
"29851916","CentOS 5.5 Gnome login screen stuck at loading","2015-04-24 15:45:41","1","1","<centos><gnome>","6","0","3583980","2015-04-24 16:51:07","",""
"29856179","Workstatin 11 Vmware tool on Centos 7 guest","2015-04-24 19:46:00","1","0","<centos><vmware-workstation><vmware-tools>","7","0","1941319","2015-04-24 19:49:11","2015-04-24 19:49:11",""
"29322652","Option --skip-slave-start Not Working with Systemctl","2015-03-28 21:08:54","1","0","<mysql><linux><replication><database-replication><master-slave>","21","0","4163515","2015-03-28 21:08:54","",""
"29324087","CentOS screen getting dead","2015-03-29 00:02:02","1","0","<centos><screens>","8","-1","4231268","2015-03-29 00:02:02","",""
"29327794","Is my NGINX conf file correct","2015-03-29 10:00:39","1","1","<nginx><centos>","24","-1","2723357","2015-03-29 16:41:54","",""
"29350666","","2015-03-30 15:51:46","2","","","","0","1195474","2015-03-30 15:59:56","2015-03-30 15:59:56",""
"29365479","NFS user permissions issue","2015-03-31 09:43:23","1","1","<linux><linux-kernel><centos><storage><nfs>","26","-1","450460","2015-03-31 12:19:43","",""
"29373399","Docker volumes on CentOS 7","2015-03-31 16:13:55","1","1","<linux><tomcat><centos><docker>","59","0","4731156","2015-04-01 13:21:21","2015-04-01 12:50:28",""
"29387611","Failed opening required 'Net/SSH2.php'?","2015-04-01 09:49:09","1","1","<centos><phpseclib><libssh2>","43","0","146366","2015-04-01 15:25:31","2015-04-01 15:25:31",""
"29389921","Getting 403 error with Curl for calling java web application with jsessionId","2015-04-01 11:44:52","1","0","<java><tomcat><curl><centos>","30","0","1635051","2015-04-01 11:44:52","",""
"29411469","postfix mail attack, how to ban this email address?","2015-04-02 11:10:09","1","0","<email><centos><postfix><dovecot>","29","-2","2728022","2015-04-02 11:10:09","",""
"29419484","how to deal with config changes in rpm for a nodejs app","2015-04-02 18:01:42","1","1","<node.js><shell><centos><rpm><rpmbuild>","22","-1","904379","2015-04-03 15:01:02","2015-04-02 19:35:33",""
"29438648","Can't install Docker on CentOS 7 running on Vagrant","2015-04-03 19:41:06","1","1","<docker><vagrant><centos7>","404","1","1152054","2015-04-03 23:44:20","",""
"29438695","Unable to start TLS, Can""t connect to Active Directory","2015-04-03 19:45:29","1","0","<authentication><ldap><wikimedia>","9","-1","4747236","2015-04-03 19:45:29","",""
"29682410","","2015-04-16 17:52:16","2","","","","0","4532062","2015-04-16 17:52:16","",""
"29702625","CentOS Can't get MySQL started when trying to updated from MySQL 5.1 to 5.5","2015-04-17 14:53:30","1","0","<mysql><centos>","23","0","1807271","2015-04-17 15:16:14","2015-04-17 15:16:14",""
"29731882","mkfs ext4 failing on Azure VM","2015-04-19 15:31:06","1","0","<linux><azure><centos>","17","-1","1911141","2015-04-19 16:28:02","2015-04-19 16:28:02",""
"29748429","Java program is getting slower after running for a while","2015-04-20 12:52:42","1","5","<java><linux><performance><memory><garbage-collection>","266","10","4810095","2015-04-23 12:25:29","2015-04-22 17:49:31",""
"29758804","ZF2 shared installation for many virtual hosts","2015-04-20 21:32:50","1","1","<zend-framework2><centos>","35","0","3115000","2015-04-22 05:34:00","",""
"29764433","error using php curl with ssl certificate on Centos","2015-04-21 06:23:50","1","0","<php><ssl><certificate>","12","1","3392958","2015-04-21 06:23:50","",""
"29775118","make: *** [ext/zip/lib/zip_add.lo] Error 1","2015-04-21 14:27:56","1","0","<php><centos>","26","-5","4815301","2015-04-21 14:34:48","2015-04-21 14:34:48",""
"29776981","Unable install Mongo Driver in PHP 5.3.15","2015-04-21 15:43:38","1","0","<php><apache><mongodb>","17","1","1029113","2015-04-24 07:30:55","2015-04-24 07:30:55",""
"29778873","Can't push git updates & run Unix commands when connecting via SSH","2015-04-21 17:10:52","1","1","<java><linux><git><ssh><centos>","19","0","4489520","2015-04-21 17:19:09","2015-04-21 17:19:09",""
"29784421","","2015-04-21 22:38:22","2","","","","0","4815238","2015-04-21 23:21:00","2015-04-21 23:21:00",""
"29786441","Installing MATLAB Runtime on CentOS 7","2015-04-22 02:04:24","1","1","<centos><matlab-compiler>","15","0","1208071","2015-04-22 21:04:52","",""
"29790656","while (true) loop only activates upon receiving data from IRC socket, not Telegram socket","2015-04-22 07:29:44","1","0","<php><bash><sockets><telegram>","15","1","3392517","2015-04-22 07:29:44","",""
"29796632","Fabric locks up when using stdout and run via import statement?","2015-04-22 11:49:37","1","0","<python><fabric><python-import>","15","0","901641","2015-04-22 13:43:21","2015-04-22 13:43:21",""
"29796837","sending mails in a local network with postfix","2015-04-22 11:57:54","1","0","<email><centos><vagrant><postfix>","10","-2","3827502","2015-04-22 12:18:18","2015-04-22 12:18:18",""
"29817074","Unknown DAV provider: svn","2015-04-23 07:53:49","1","0","<linux><apache><svn><centos>","13","0","4818804","2015-04-23 08:48:15","2015-04-23 08:48:15",""
"29831726","Update api Youtube","2015-04-23 18:37:38","1","0","<php><youtube-api>","49","1","2000259","2015-04-23 18:37:38","",""
"29831735","ffmpeg convert mp4 video for phones","2015-04-23 18:38:01","1","1","<linux><video><ffmpeg><centos><converter>","19","0","4585171","2015-04-23 20:14:09","2015-04-23 20:13:16",""
"29835319","","2015-04-23 22:16:18","2","","","","0","1242581","2015-04-23 22:16:18","",""
"29864192","How vagrantfile use dowloaded vagrant box","2015-04-25 10:49:12","1","2","<vagrant><virtualbox>","8","2","746881","2015-04-26 01:39:04","",""
"29314548","How do you install nginx on CentOS 6.5 using ansible","2015-03-28 06:51:09","1","0","<nginx><ansible><centos6.5>","101","0","3380943","2015-03-29 06:28:44","2015-03-29 06:28:44",""
"29372508","","2015-03-31 15:32:41","2","","","","0","1901099","2015-03-31 15:32:41","",""
"29381700","c server handle multiple connections, error on port no","2015-04-01 00:42:34","1","1","<linux><centos><c>","25","0","1828284","2015-04-01 02:10:18","",""
"29391697","tungsten replicator systemd mysql boot script?","2015-04-01 13:08:32","1","0","<mysql><centos><centos7><systemd><tungsten-replicator>","17","0","2363795","2015-04-01 13:08:32","",""
"29399509","PHP strftime(""%z"", time()) for the Europe/Moscow zoneinfo file is giving wrong GMT offset","2015-04-01 19:48:04","1","1","<php><timezone>","34","1","4114967","2015-04-02 20:53:00","2015-04-02 08:41:23",""
"29406851","How to Create a database user by your name and grant permission to a database in a way it is accessible by your account and your machine only","2015-04-02 06:57:27","1","0","<mysql><database><privileges>","13","-2","4076465","2015-04-02 06:57:27","",""
"29424363","","2015-04-02 23:55:21","2","","","","0","3961859","2015-04-02 23:55:21","",""
"29442323","Django CentOS 7 - cannot import name Col","2015-04-04 03:12:47","1","1","<python><django><centos>","44","0","4094556","2015-04-13 18:24:28","2015-04-04 11:30:17",""
"29447145","CentOs-net.sf.jasperreports.engine.JRRuntimeException: No input source supplied to the exporter","2015-04-04 13:43:57","1","0","<java><spring><tomcat><centos><jasper-reports>","12","0","4749301","2015-04-04 21:18:40","2015-04-04 21:18:40",""
"29458546","","2015-04-05 14:53:00","2","","","","0","4751540","2015-04-05 14:53:00","",""
"29460133","Get the error message of openssl_pkcs7_sign","2015-04-05 17:30:00","1","0","<openssl><digital-signature><tcpdf>","15","-1","154293","2015-04-06 08:29:00","2015-04-06 08:29:00",""
"29460159","How to start use ElasticSearch in terminal CentOS?","2015-04-05 17:32:14","1","1","<linux><elasticsearch><centos><elastic>","25","0","4727317","2015-04-05 18:59:39","2015-04-05 17:52:33",""
"29465197","Deploying asp.net application to eucalyptus cloud","2015-04-06 04:06:37","1","0","<asp.net><visual-studio-2010><cloud><eucalyptus>","16","1","4699046","2015-04-06 04:06:37","",""
"29681622","Python Script timeout error Ambari","2015-04-16 17:11:34","1","1","<java><python><hadoop><ambari>","35","1","2043974","2015-04-21 11:04:57","2015-04-16 17:33:06",""
"29687688","mod_nss configuration for apache on centos 6","2015-04-16 23:29:01","1","0","<apache><nss>","7","0","2526203","2015-04-16 23:29:01","",""
"29715144","Fail2Ban: Sending Mails with CentOS 7 using postfix","2015-04-18 09:02:49","1","0","<centos><postfix><fail2ban>","23","0","4040474","2015-04-18 09:02:49","","2015-04-18 10:03:46"
"29717202","Installing R package gsubfn","2015-04-18 12:15:20","1","0","<r><centos>","35","0","1002903","2015-04-18 12:15:20","",""
"29742497","out of memory when generate cloudfoundry deploy manifest file cf-deployment.yml for openstack","2015-04-20 08:14:30","1","1","<deployment><memory-leaks><installation><out-of-memory><cloudfoundry>","22","0","4286101","2015-04-22 08:05:27","",""
"29746780","FuncAnimation Plot hangs when length of list increases","2015-04-20 11:36:27","1","1","<python><matplotlib><wxpython><python-multiprocessing>","21","0","4189692","2015-04-21 08:41:59","",""
"29749878","How do I revert GCC version from 4.8.3 to 4.8.2?","2015-04-20 13:53:14","1","3","<linux><gcc><centos>","45","1","1232685","2015-04-20 16:00:50","",""
"29756393","Centos internet sharing with dual WAN and subnet routing","2015-04-20 19:11:55","1","0","<routing><centos><iptables>","14","-1","2108795","2015-04-20 19:11:55","","2015-04-21 01:27:02"
"29768399","error using PKCS#12 certificate to sign some data with Java","2015-04-21 09:39:34","1","2","<java><ibm><pkcs#12>","29","0","2062407","2015-04-21 10:44:51","2015-04-21 10:44:51",""
"29772293","Application Migration from Windows 2003 Server to CentOS","2015-04-21 12:30:36","1","0","<linux><spring><java-ee><centos><windows-server-2003>","19","0","1324765","2015-04-21 12:35:55","2015-04-21 12:35:55",""
"29817376","XDMCP with Xinetd and XRDP authentication in CentOS","2015-04-23 08:09:33","1","0","<centos><pam><xinetd><xrdp><xdmcp>","14","0","4823057","2015-04-23 08:09:33","",""
"29831200","centos 7 GNOME version how can i download a zip file on firefox","2015-04-23 18:08:55","1","0","<linux><virtualbox><redhat><centos7>","23","-3","3899820","2015-04-23 19:07:05","2015-04-23 19:07:05","2015-04-24 05:49:06"
"29870144","sqlite3 cannot open database file, running Centos, flask uwsgi nginx","2015-04-25 20:06:13","1","0","<nginx><sqlite3><flask><centos><uwsgi>","7","0","442920","2015-04-25 20:06:13","",""
"29301330","laravel 5 pagination page[] Unsupported operand types","2015-03-27 13:01:39","1","0","<pagination><laravel-5>","31","-1","4583389","2015-03-27 13:01:39","",""
"29308007","docker centos:6.6 image ""/bin/sh: java: command not found"" java is installed","2015-03-27 18:44:31","1","1","<java><maven><jenkins><docker>","77","0","2363318","2015-03-27 20:03:10","",""
"29308870","AllowUsers on sshd_config, forgot to put root","2015-03-27 19:37:26","1","1","<linux><ssh><centos><root><sshd>","23","0","4718346","2015-04-15 03:33:34","2015-03-27 20:15:25",""
"29332378","Ansible: Start role if service present","2015-03-29 17:28:59","1","2","<service><ansible>","68","-1","4726675","2015-04-03 16:02:50","2015-04-01 18:35:02",""
"29339622","Please help .. Recover deleted database with no backup","2015-03-30 06:26:00","1","0","<mysql><centos><recover>","25","-2","2068325","2015-03-30 06:26:00","",""
"29369718","Centos and Mercurial 1.7","2015-03-31 13:20:47","1","0","<mercurial><centos>","23","0","3384482","2015-03-31 13:20:47","",""
"29381493","Upgrading to latest version of git in centos and gitweb is not showing repositories","2015-04-01 01:43:13","1","0","<linux><git><repository><gitweb>","11","0","2234367","2015-04-01 01:43:13","",""
"29401294","","2015-04-01 21:36:36","2","","","","3","3788457","2015-04-01 21:36:36","",""
"29401437","are binaries interchangeable between centos and redhat?","2015-04-01 21:48:02","1","0","<centos><redhat>","8","0","1019384","2015-04-01 21:48:02","",""
"29415154","Which yum package will provide ""GTK+ peers""?","2015-04-02 14:14:38","1","0","<linux><centos><gtk><xorg><centos7>","32","0","1044866","2015-04-02 16:01:37","2015-04-02 16:01:37",""
"29428915","Sed cannot find file while building Docker image","2015-04-03 08:38:27","1","2","<sed><docker><dockerfile>","31","0","892404","2015-04-04 04:27:18","2015-04-03 09:08:48",""
"29432946","vncserver shows weird screen instead of gnome in CentOS 5","2015-04-03 13:16:12","1","0","<terminal><centos><vnc>","18","-1","4746354","2015-04-03 13:16:12","",""
"29443096","How to install vlc on centos7 from terminal?","2015-04-04 05:28:17","1","1","<linux><centos><vlc><fedora-21>","89","-1","3764801","2015-04-04 08:01:27","2015-04-04 08:01:27",""
"29478557","Adding External Context in Websphere Application Server","2015-04-06 19:51:51","1","1","<tomcat><websphere>","12","0","1952974","2015-04-07 17:08:15","",""
"29498612","How to install videowhisper video conference on red5 on centos?","2015-04-07 18:28:23","1","0","<centos><red5>","27","0","4555847","2015-04-07 22:51:19","2015-04-07 22:51:19",""
"29504396","CentOS 6.5 - PHP 5.6.7 and bcmath","2015-04-08 01:37:46","1","0","<php><linux><apache><bcmath>","119","0","4761449","2015-04-08 02:35:27","2015-04-08 02:35:27",""
"29685029","how to use iptables to limit a number of IP connection or other program?","2015-04-16 20:09:33","1","0","<ubuntu><centos><iptables>","14","-1","2828796","2015-04-16 20:09:33","","2015-04-17 05:46:55"
"29710469","How to run a jar file multiple times? CentOS","2015-04-17 22:29:28","1","1","<java><bash><centos>","21","1","4803089","2015-04-17 22:33:05","",""
"29722365","can't connect android device to centos vm","2015-04-18 20:19:59","1","1","<android><post><virtual-machine><httpurlconnection>","20","0","4805404","2015-04-19 11:34:01","2015-04-19 11:34:01",""
"29726081","Not able to access Neo4j server on CentOS VM on Mac","2015-04-19 05:12:50","1","0","<osx><neo4j><centos>","27","0","1429215","2015-04-19 16:58:27","2015-04-19 16:58:27",""
"29728994","Building pgadmin3-1.20.0 in CentOS 7 with PostgreSQL-9.4","2015-04-19 11:07:15","1","0","<postgresql><build><centos><configure><pgadmin>","22","0","1843934","2015-04-19 11:07:15","",""
"29742040","OpenLDAP Centos 7 ""no certificate"" when client query with 'id ${USER}'","2015-04-20 07:48:36","1","1","<linux><ldap><centos><openldap>","21","0","2566773","2015-04-20 11:02:49","",""
"29747804","install SVN Client on CentOS with ssh","2015-04-20 12:24:36","1","2","<svn><centos><client>","21","-1","1130624","2015-04-21 06:27:30","2015-04-20 12:57:34",""
"29754226","how to configure WSGISocketPrefix","2015-04-20 17:15:22","1","0","<django><apache><centos><mod-wsgi><wsgi>","11","0","84885","2015-04-20 17:15:22","",""
"29777554","","2015-04-21 16:06:12","2","","","","0","538170","2015-04-21 16:06:12","",""
"29789121","installing python netsnmp on centos 7","2015-04-22 06:09:21","1","1","<python><net-snmp>","12","1","558397","2015-04-22 07:46:36","2015-04-22 07:46:36",""
"29812985","Unable to point website domain to rails app via virtual host + centos + apache","2015-04-23 03:13:23","1","0","<ruby-on-rails><apache><centos><virtualhost><httpd.conf>","22","5","1242400","2015-04-23 06:21:40","2015-04-23 06:21:40",""
"29816733","","2015-04-23 07:37:14","2","","","","-1","1241764","2015-04-23 07:37:14","",""
"29838105","Install pylearn2.. I can install pylearn2 in the root account but not in my own account","2015-04-24 03:14:52","1","0","<python><linux>","12","0","4182595","2015-04-24 03:14:52","",""
"29846090","how to get Ethernet adapter name from IP in c in centos","2015-04-24 11:16:53","1","3","<c++><c><linux><network-interface>","40","0","2914066","2015-04-24 13:47:26","2015-04-24 13:05:28",""
"29854240","Execute jar from desktop with double click CentOS 7","2015-04-24 17:50:00","1","0","<java><jar><centos><executable-jar>","12","0","4829737","2015-04-24 17:50:00","",""
"29315563","Cannot start Redis on Centos","2015-03-28 09:31:20","1","0","<redis><centos>","17","-1","4527616","2015-03-28 09:31:20","",""
"29349182","CentOS cannot delete file, chattr -a does not work","2015-03-30 14:41:22","1","1","<filesystems><centos6><virus>","30","0","2365420","2015-03-30 15:02:38","2015-03-30 15:02:38",""
"29357040","cucumber ChildProcess::LaunchError","2015-03-30 21:54:53","1","1","<ruby-on-rails><gem><cucumber>","18","0","1678764","2015-03-30 21:54:53","",""
"29358786","django deploy mod_wsgi centos 7 error","2015-03-31 00:51:01","1","0","<django><apache><python-2.7><mod-wsgi><centos7>","36","0","4151439","2015-03-31 00:56:20","2015-03-31 00:56:20",""
"29363320","How to transfer directory from remote server to local server ( Centos 6 64 )","2015-03-31 07:48:44","1","0","<download><directory><centos>","10","-1","4732893","2015-03-31 07:48:44","",""
"29396322","Warning: No matches found for: kernel-devel","2015-04-01 16:44:12","1","0","<linux-kernel><yum>","14","0","4162734","2015-04-01 16:44:12","",""
"29417867","WebSocket connection works in local machine but not in server","2015-04-02 16:28:30","1","1","<php><laravel><nginx><websocket><centos>","34","0","4342476","2015-04-02 16:49:17","",""
"29429886","ImportError for Gnuplot in python terminal","2015-04-03 09:52:30","1","1","<python><import><centos><gnuplot><importerror>","28","0","4448441","2015-04-03 10:31:26","",""
"29468421","Gtk-WARNING **: cannot open display launching background GTK","2015-04-06 09:18:22","1","2","<ubuntu><ssh><centos><gtk><kvm>","56","0","2200615","2015-04-10 11:20:35","",""
"29494250","php ssh read output issue","2015-04-07 14:38:19","1","1","<php><linux><ssh><centos>","21","0","1212270","2015-04-07 19:49:46","",""
"29496379","why nginx holds file descriptions of logs?","2015-04-07 16:21:54","1","0","<logging><nginx><centos><file-descriptor>","12","0","2240446","2015-04-07 16:21:54","",""
"29508785","Cannot connect to SMTP server","2015-04-08 07:43:43","1","1","<smtp><centos><postfix>","27","-3","4131071","2015-04-18 04:15:27","2015-04-08 08:18:34",""
"29508981","systemd service startup issue","2015-04-08 07:55:22","1","1","<centos><systemd>","39","1","188014","2015-04-08 08:34:50","",""
"29511056","docker - change default login user","2015-04-08 09:39:34","1","1","<linux><unix><docker>","29","0","421105","2015-04-08 09:43:14","",""
"29515510","Cannot Install Laravel 5 on CentOS 7","2015-04-08 13:06:25","1","2","<php><laravel><centos><laravel-5><blade>","96","0","4763167","2015-04-09 13:17:55","",""
"29685328","Where does Cloudera Manager get the --hostname value for Impala commands?","2015-04-16 20:28:19","1","1","<hadoop><centos><cloudera><impala>","20","0","2390867","2015-04-19 19:44:59","",""
"29693567","apache permission error","2015-04-17 08:02:07","1","1","<linux><apache>","17","0","4005632","2015-04-17 10:15:32","2015-04-17 08:33:40",""
"29699597","Ruby bundler installing unwanted version of puppet gem","2015-04-17 12:44:30","1","1","<ruby><rspec><puppet>","42","1","1153938","2015-04-20 07:57:13","",""
"29714991","","2015-04-18 08:49:03","2","","","","0","4793022","2015-04-18 08:59:36","2015-04-18 08:59:36",""
"29716857","Installing nloptr on Linux","2015-04-18 11:44:19","1","1","<r><centos><nlopt>","48","0","1002903","2015-04-18 15:21:01","2015-04-18 15:21:01",""
"29722876","run puma server as a service at centos 7 - no ruby found","2015-04-18 21:08:46","1","0","<ruby-on-rails><ruby><service><puma><systemd>","18","0","4347384","2015-04-18 21:08:46","",""
"29773885","","2015-04-21 13:40:09","2","","","","0","179434","2015-04-21 13:40:09","",""
"29792303","gitlab can't deliver email normally","2015-04-22 08:50:38","1","2","<gitlab>","18","0","4652609","2015-04-22 09:41:17","",""
"29811680","openvswitch with rdo repo on centos 7 crash","2015-04-23 00:56:13","1","0","<openvswitch><juno><rdo>","12","0","624724","2015-04-23 00:56:13","",""
"29823836","","2015-04-23 12:43:46","2","","","","1","2172464","2015-04-23 12:50:04","2015-04-23 12:50:04",""
"29823895","","2015-04-23 12:45:56","2","","","","0","2325384","2015-04-23 12:45:56","",""
"29825833","","2015-04-23 14:02:37","2","","","","0","2186189","2015-04-23 14:02:37","",""
"29835574","Directing wsgi to the correct python","2015-04-23 22:36:03","1","0","<wsgi>","6","0","1896222","2015-04-23 22:36:03","",""
"29839477","","2015-04-24 05:34:23","2","","","","0","4820025","2015-04-24 05:34:23","",""
"29860592","Retrieve several fastqsamples from SRA file","2015-04-25 03:17:08","1","0","<fastq>","5","0","4359200","2015-04-25 03:17:08","",""
"29868177","Accessing a Postgres Db - Ident authentication failed","2015-04-25 17:04:03","1","1","<postgresql>","12","0","1896222","2015-04-25 18:18:24","","2015-04-26 01:36:55"
"29871750","Using firewall-config in CentOS 7","2015-04-25 23:09:30","1","0","<centos>","2","0","1070958","2015-04-25 23:09:30","",""
"29301140","obiee server don't connect in centos","2015-03-27 12:50:51","1","1","<centos><virtualbox><obiee>","49","-1","4490628","2015-03-27 13:06:29","",""
"29318191","Prevent unwanted url on centos server","2015-03-28 14:19:49","1","1","<apache><centos>","19","2","613706","2015-03-30 09:37:59","2015-03-30 09:37:59",""
"29335102","PhantomJS Install Centos 5.5","2015-03-29 21:32:01","1","0","<linux><phantomjs>","19","0","2823494","2015-03-29 21:32:01","",""
"29339852","Meteor production getting fiber error","2015-03-30 06:42:26","1","1","<node.js><meteor>","53","0","3970095","2015-03-30 07:59:01","",""
"29350152","Gitlab custom hook not running","2015-03-30 15:27:57","1","1","<linux><git><centos><gitlab>","33","1","1204334","2015-03-30 17:03:30","",""
"29350174","","2015-03-30 15:28:52","2","","","","0","2361801","2015-03-30 15:28:52","",""
"29358613","","2015-03-31 00:28:55","2","","","","1","3679807","2015-03-31 00:38:17","2015-03-31 00:38:17",""
"29358707","django memcached on red hat","2015-03-31 00:40:30","1","1","<django><centos><memcached><libmemcached>","11","0","4488842","2015-04-04 02:02:19","",""
"29364982","Displaying current path in the window title with byobu on centos","2015-03-31 09:19:47","1","0","<centos><tmux><byobu>","39","0","732797","2015-03-31 09:19:47","",""
"29383034","Mongodb Service won't start","2015-04-01 04:46:13","1","1","<mongodb>","30","-1","2671261","2015-04-01 05:07:20","",""
"29385168","Nova-docker is not running","2015-04-01 07:29:58","1","0","<docker><openstack><openstack-nova><dockerhub><docker-registry>","23","0","2926909","2015-04-01 07:29:58","",""
"29385228","","2015-04-01 07:33:16","2","","","","0","2926909","2015-04-01 07:33:16","",""
"29393160","set crontab 4:44am - 8:44pm every 30 minutes, every day","2015-04-01 14:15:25","1","0","<crontab>","17","-3","1979989","2015-04-01 14:15:25","",""
"29398569","bjam installation on RedHat centos 7 ppc64","2015-04-01 18:53:21","1","0","<boost><redhat><bjam>","11","0","1199712","2015-04-01 18:53:21","",""
"29424053","Running a bash command with multiple lines of input via ssh","2015-04-02 23:19:49","1","1","<linux><bash><ssh><centos>","28","0","342390","2015-04-02 23:32:28","2015-04-02 23:32:03",""
"29434492","","2015-04-03 14:52:00","2","","","","0","4742663","2015-04-03 14:52:00","",""
"29476365","docker push to private registry hangs","2015-04-06 17:35:34","1","1","<docker><docker-registry>","56","0","3557780","2015-04-08 12:28:17","",""
"29478285","Unable to CHMOD /etc/ in Amazon EC2","2015-04-06 19:33:38","1","0","<amazon-web-services><amazon-ec2><centos><sudoers>","15","0","4755907","2015-04-06 21:19:34","2015-04-06 21:19:34",""
"29484225","Trying to install cantos7","2015-04-07 05:14:00","1","0","<centos>","25","1","4757183","2015-04-07 05:14:00","",""
"29486252","How can I lock screen and force re-login after a period of inactivity on different linux distros?","2015-04-07 07:34:12","1","0","<linux><centos><debian><amazon><rhel>","20","-3","4302616","2015-04-07 07:41:52","2015-04-07 07:41:52",""
"29520455","How to get PhantomJS to render installed fonts?","2015-04-08 16:36:21","1","0","<fonts><centos><phantomjs>","38","0","535296","2015-04-08 16:36:21","",""
"29688898","OpenLDAP Centos 7 LDAP server request for passphrase","2015-04-17 01:55:10","1","1","<linux><centos><openldap>","33","0","2566773","2015-04-17 04:39:27","2015-04-17 02:38:22",""
"29690946","set up transparent proxy in squid for block https in centos6","2015-04-17 05:19:40","1","0","<https><centos6><squid><transparentproxy>","16","-1","2217535","2015-04-17 06:13:36","2015-04-17 06:13:36","2015-04-17 07:40:42"
"29706941","Getting Ansible example (jboss-standalone) to work with Vagrant","2015-04-17 18:34:39","1","1","<yaml><ansible><inventory>","22","0","243892","2015-04-18 17:13:22","",""
"29720507","","2015-04-18 17:26:47","2","","","","0","939299","2015-04-18 17:32:47","2015-04-18 17:32:47",""
"29735476","","2015-04-19 20:31:01","2","","","","1","272648","2015-04-19 20:31:01","",""
"29741518","CentOS: error: libXext.so.6: cannot open shared object file: No such file or directory","2015-04-20 07:20:01","1","0","<java><centos><ods>","27","1","4688819","2015-04-23 03:42:53","2015-04-23 03:42:53",""
"29751565","What is killing this process and how to stop it from doing so","2015-04-20 15:05:10","1","2","<php><linux><bash><apache><centos>","54","0","1318346","2015-04-22 15:38:37","",""
"29786528","Installing gcc on linux","2015-04-22 02:13:46","1","2","<c++><c><linux><gcc>","48","-3","4360034","2015-04-22 02:31:47","2015-04-22 02:31:47",""
"29786555","","2015-04-22 02:17:02","2","","","","1","4107956","2015-04-22 02:17:02","",""
"29786579","","2015-04-22 02:19:03","2","","","","2","1290899","2015-04-22 02:19:03","",""
"29790601","Prevent conversion to literal in terminal auto-completion","2015-04-22 07:27:18","1","0","<bash><terminal><centos>","19","0","2622293","2015-04-22 07:27:18","",""
"29800257","how to set chromedriver work for centos 6.6 to run selenium test cases in python","2015-04-22 14:10:24","1","1","<python-2.7><selenium><centos6>","7","0","2049591","2015-04-22 14:57:02","",""
"29804101","debugger-x for php how to listen in two locations","2015-04-22 16:51:33","1","0","<php><debugging><centos><vagrant><netbeans-8>","9","1","1112523","2015-04-22 16:51:33","",""
"29808098","","2015-04-22 20:26:00","2","","","","1","1329217","2015-04-22 20:26:00","",""
"29830760","","2015-04-23 17:44:41","2","","","","2","2501921","2015-04-23 19:03:48","2015-04-23 19:03:48",""
"29854837","TP-Link TL-WN722N CentOS 6.6","2015-04-24 18:23:39","1","0","<centos>","4","0","4811158","2015-04-24 18:23:39","","2015-04-25 06:34:45"
"29859131","Unable to bind listening socket for address php-fpm","2015-04-24 23:25:21","1","0","<php><linux><nginx>","32","1","4830343","2015-04-24 23:52:23","2015-04-24 23:52:23",""
"29331282","","2015-03-29 15:51:45","2","","","","3","4545399","2015-03-29 15:56:52","2015-03-29 15:56:52",""
"29345965","creating snapshot for mongodb","2015-03-30 12:13:50","1","0","<linux><mongodb><snapshot>","35","3","4266685","2015-03-30 13:53:16","2015-03-30 13:53:16",""
"29347620","walrus not configured on centos in eucalyptus","2015-03-30 13:33:39","1","1","<tcp><centos><cloud><eucalyptus>","18","0","4560798","2015-03-30 17:08:14","",""
"29356106","Creating BigInsights (IBM Hadoop) Docker image, sysctl issue","2015-03-30 20:55:25","1","1","<hadoop><docker><bluemix><sysctl><biginsights>","48","0","3656912","2015-03-31 19:48:22","2015-03-31 19:48:22",""
"29364086","Installed jdk 1.8 but java.library.path is still pointing to 32 bit files","2015-03-31 08:32:40","1","0","<java><linux><centos><java-8>","33","0","1230257","2015-03-31 08:32:40","",""
"29368607","Shell Script and yum, what to do when package is not available. Centos","2015-03-31 12:23:40","1","2","<shell><scripting><centos><yum>","36","0","2066184","2015-04-01 19:05:04","",""
"29401253","Dockerfile COPY / ADD fails for file in build context","2015-04-01 21:33:43","1","1","<docker><dockerfile>","40","0","1023121","2015-04-01 21:36:36","",""
"29408227","Uncaught exception 'CacheException' with message 'Cache engine _cake_core_ is not properly configured","2015-04-02 08:21:02","1","0","<php><cakephp><centos><cakephp-2.0><server>","13","0","2940793","2015-04-02 09:49:47","2015-04-02 09:49:47",""
"29411813","apache mod_expire not work","2015-04-02 11:27:46","1","1","<apache><caching><centos><mod-expires>","24","0","4742152","2015-04-16 16:00:04","",""
"29413544","Solved - Understand inotify events after cp command","2015-04-02 12:55:58","1","1","<c><centos><inotify><cp>","29","0","3729465","2015-04-12 12:36:52","2015-04-12 12:36:52",""
"29469311","Moving New files from one linux server to other linux FTP","2015-04-06 10:18:05","1","1","<ftp><centos>","13","0","2256551","2015-04-06 10:40:28","2015-04-06 10:35:20",""
"29500520","How to configure firewall on Centos 7 for KVM Routed Bridge","2015-04-07 20:17:43","1","0","<networking><centos><firewall><kvm><bridge>","86","-1","4760497","2015-04-07 20:17:43","",""
"29502421","FastCGI on Centos search php scripts in wrong path","2015-04-07 22:22:35","1","0","<php><apache><centos><fastcgi>","26","0","1656824","2015-04-07 22:50:46","2015-04-07 22:50:46",""
"29521476","","2015-04-08 17:32:23","2","","","","1","1412984","2015-04-08 17:32:23","",""
"29529324","puppetdb stores hash facts as string for some of my nodes","2015-04-09 03:38:49","1","0","<puppet>","23","0","1350657","2015-04-10 16:47:12","2015-04-10 16:47:12",""
"29543573","Postgresql drivers not found when dockerizing TeamCity","2015-04-09 16:06:46","1","0","<postgresql><docker><teamcity>","29","0","795734","2015-04-13 08:33:35","2015-04-13 08:33:35",""
"29510665","PHP CLI has a few seconds delay","2015-04-08 09:20:03","1","1","<php><centos><command-line-interface><delay>","20","0","4073877","2015-04-08 09:20:03","",""
"29534837","Check folder size oid snmp on server centos?","2015-04-09 09:34:21","1","1","<linux><centos><snmp><oid>","37","-2","3990026","2015-04-10 15:21:30","2015-04-10 03:32:31",""
"29541522","Getting executables to run on multiple Linux OS's:","2015-04-09 14:36:48","1","2","<c++><linux><ubuntu><centos>","73","1","904050","2015-04-09 18:40:25","",""
"29543326","Why is Ruby Base64 encoding conversion losing data and how I can route around?","2015-04-09 15:55:09","1","1","<ruby><encoding><utf-8><centos><grape-api>","64","1","1651458","2015-04-10 08:44:23","2015-04-10 07:13:42",""
"29570892","RPM package can be installed with rpm command but fails yum dependency check","2015-04-10 21:22:17","1","1","<dependencies><rpm><yum>","58","0","4775327","2015-04-16 01:22:37","2015-04-13 15:07:50",""
"29576620","boost static link boost.locale error","2015-04-11 10:08:43","1","0","<c++><boost><linker><locale>","24","0","4776691","2015-04-11 10:14:14","2015-04-11 10:14:14",""
"29598728","I want to set up password policy on my Linux server Centos","2015-04-13 06:01:45","1","0","<linux><passwords><centos><pam>","15","-1","4781470","2015-04-13 06:24:47","2015-04-13 06:24:47",""
"29598825","How to install miredo on CentOS 6 via yum","2015-04-13 06:10:32","1","0","<centos><yum>","15","-2","2086105","2015-04-13 06:10:32","",""
"29598880","mv command not working as intended on linux CENT/REDHAT OS","2015-04-13 06:14:49","1","1","<linux><centos><redhat><mv>","34","0","4781460","2015-04-13 07:34:36","2015-04-13 07:34:36",""
"29616904","Inittab fails to shutdown nodejs , starts up fine","2015-04-13 23:49:50","1","0","<node.js><centos><inittab>","9","0","389976","2015-04-13 23:49:50","",""
"29618699","Connecting to a remote CentOS machine","2015-04-14 03:33:26","1","2","<centos><remote-access><remote-desktop>","26","-1","1692342","2015-04-15 00:38:14","",""
"29625130","Fetch a file from ruTorrent via another server with wget/other command","2015-04-14 10:33:52","1","0","<php><http><ssh><get><wget>","20","0","4750778","2015-04-15 12:15:33","2015-04-15 12:15:33",""
"29639717","","2015-04-15 00:38:14","2","","","","0","1692342","2015-04-15 00:38:14","",""
"29647872","How to increase the characters allowed in php GET","2015-04-15 10:31:27","1","0","<php><get>","28","-3","3455531","2015-04-15 10:31:27","",""
"29670154","Put result of command in a environment variable","2015-04-16 09:08:46","1","2","<bash><shell><centos><environment-variables>","24","0","3170517","2015-04-16 13:34:24","",""
"29571799","SpringMvc-Tomcat8-Hibernate4-Centos","2015-04-10 22:45:31","1","0","<spring><hibernate><centos><tomcat8>","27","0","2129980","2015-04-10 22:45:31","",""
"29577832","php script showing as text","2015-04-11 12:23:12","1","0","<php><apache><centos>","30","0","3406000","2015-04-12 00:42:11","2015-04-12 00:42:11",""
"29583699","Hadoop installation: namenode cannot be started","2015-04-11 22:16:06","1","1","<java><linux><ubuntu><hadoop><connectexception>","34","0","4077099","2015-04-13 03:27:23","2015-04-12 20:13:29",""
"29585513","Unable to access RStudio on Hortonworks Sandbox","2015-04-12 03:05:09","1","0","<centos><hortonworks-data-platform><rstudio-server>","9","0","3596233","2015-04-12 03:05:09","",""
"29619383","Why slider handle can not be moved?","2015-04-14 04:50:42","1","1","<javascript><jquery><slider>","26","0","4785634","2015-04-14 05:03:01","2015-04-14 04:56:45","2015-04-14 13:08:00"
"29624116","Setting up master/slave replication databases within my Vagrant box","2015-04-14 09:45:11","1","0","<database><vagrant><database-replication><master-slave><vagrantfile>","17","0","218725","2015-04-14 15:51:05","2015-04-14 15:51:05",""
"29650769","Install php-devel for php 5.5.23 on centos 6.6","2015-04-15 12:52:55","1","1","<php><centos><package>","40","0","4699681","2015-04-15 14:25:03","",""
"29653253","PM2 resurrect not working on reboot - dump.pm2 being emptied","2015-04-15 14:39:46","1","1","<node.js><centos><pm2>","32","0","3768332","2015-04-15 14:39:46","",""
"29657876","how to add node application to running strong-pm daemon","2015-04-15 18:21:54","1","0","<linux><service><centos><daemon><strongloop>","12","0","1254813","2015-04-15 18:21:54","",""
"29670377","admin panel on port 2030 not opening in cent-os web panel","2015-04-16 09:18:58","1","2","<ftp><sftp><centos6><dedicated-server>","13","0","4540167","2015-04-16 09:42:27","",""
"29672600","php -v giving php: symbol lookup error: php: undefined symbol: rl_on_new_line on centos","2015-04-16 10:55:45","1","1","<php><centos7>","23","0","1569384","2015-04-20 08:12:45","2015-04-20 08:12:45",""
"29441036","Permission denied when executing php from command line, and crontab","2015-04-03 23:26:57","1","1","<php><cron><centos>","31","0","1490169","2015-04-04 03:12:43","2015-04-03 23:37:32",""
"29452249","Using AnkhSVN with Visual Studio & CentOS CSVN Repo","2015-04-04 22:49:01","1","0","<java><svn><centos><collabnet>","15","0","4599367","2015-04-04 23:02:29","2015-04-04 23:02:29",""
"29454564","Centos httpd not indexing /var/www/html/?","2015-04-05 05:54:28","1","0","<apache><indexing><centos>","18","-1","4434168","2015-04-05 05:59:29","",""
"29461353","CentOS 6 32bit - Firefox: Error: no display specified. How do i fix this?","2015-04-05 19:31:47","1","2","<firefox><centos><vps><centos6>","31","0","4752410","2015-04-07 04:31:04","",""
"29465092","Got error when install mongodb on centos 6.5(64bits)","2015-04-06 03:50:16","1","1","<linux><mongodb><centos>","42","0","2376700","2015-04-06 13:46:40","2015-04-06 07:29:40",""
"29499791","SSH slow Cassandra cluster","2015-04-07 19:34:02","1","0","<linux><ssh><cassandra><centos>","18","0","4760386","2015-04-07 19:34:02","",""
"29503386","slime - Process inferior-lisp segmentation fault (core dumped)","2015-04-07 23:45:23","1","0","<emacs><lisp><slime><clisp>","19","1","807707","2015-04-08 00:03:08","2015-04-08 00:03:08",""
"29505386","CentOS 6: cannot send email with PHPMailer but ok on laptop","2015-04-08 03:25:20","1","1","<centos><phpmailer><centos6>","23","0","3994745","2015-04-08 03:57:37","",""
"29527054","can an old init.d and upstart script co exist together?","2015-04-08 23:23:48","1","0","<linux><ubuntu><centos><upstart><init.d>","12","0","1042726","2015-04-08 23:23:48","",""
"29529135","Why does my program's memory not release?","2015-04-09 03:15:24","1","2","<c++><memory><deque>","69","0","1784595","2015-04-09 03:42:41","",""
"29533863","Price of centos provided by openlogic on Microsoft Azure","2015-04-09 08:48:31","1","0","<azure><centos><cloud>","14","-2","4362298","2015-04-09 08:48:31","",""
"29538329","Install Oracle on docker centos container: Insufficient disk space","2015-04-09 12:20:47","1","3","<oracle11g><centos><docker>","74","1","826068","2015-04-17 05:55:37","2015-04-09 13:17:01",""
"29550395","Parse linux ""top"" in PHP?","2015-04-09 22:48:45","1","2","<php><linux><centos><monitoring><cpu-usage>","49","0","4478454","2015-04-10 01:07:26","",""
"29559938","apache website not directing to content in centos 6.5","2015-04-10 11:10:02","1","0","<apache><website><virtualhost>","10","0","3548210","2015-04-10 11:10:02","",""
"29575640","cacti graph php curcl issues third party script","2015-04-11 08:10:45","1","0","<php><curl><cacti>","15","0","3406000","2015-04-11 08:10:45","",""
"29579442","Magento Dedicated Server Images deleted","2015-04-11 15:13:27","1","0","<php><apache><magento><caching><nginx>","19","-1","4149343","2015-04-11 15:13:27","",""
"29627782","centos 5.5 how to set scheduled time for start and stop httpd and mysql","2015-04-14 12:49:30","1","2","<apache><centos>","29","1","2256551","2015-04-15 11:43:07","2015-04-15 09:49:35",""
"29635726","Read Inside Text File and Define Each Column as a New Variable","2015-04-14 19:21:47","1","1","<linux><bash><unix><centos><gawk>","26","0","2888846","2015-04-14 19:50:44","2015-04-14 19:27:20",""
"29643271","How to install webacula 7 on centos 7","2015-04-15 06:42:41","1","1","<centos><install><bacula>","49","0","4629569","2015-04-15 06:42:41","",""
"29655373","Docker local registry : push fails","2015-04-15 16:09:39","1","0","<docker><centos6><docker-registry>","92","4","3037171","2015-04-22 07:25:22","2015-04-22 07:25:22",""
"29530203","","2015-04-09 05:07:25","2","","","","2","3592176","2015-04-09 10:22:09","2015-04-09 10:22:09",""
"29538908","Hadoop 2.6.0 Browsing filesystem Java","2015-04-09 12:45:59","1","1","<java><hadoop><directory><centos><filesystems>","30","0","1671538","2015-04-09 14:43:42","2015-04-09 12:51:53",""
"29559304","Do anyone know how to Install Windows 2012 (or any other window) over PXE Network Boot Server on RHEL/CentOS 7","2015-04-10 10:37:42","1","0","<linux><window><boot><pxe>","17","-2","3701308","2015-04-10 10:41:52","2015-04-10 10:41:52",""
"29559374","","2015-04-10 10:40:39","2","","","","0","4773324","2015-04-10 10:40:39","",""
"29571182","Not able to change hhvm user from hhvm to nginx on CentOS 7","2015-04-10 21:46:16","1","0","<hhvm>","47","1","4748214","2015-04-10 21:46:16","",""
"29571375","Build OpenVDB 3.0 on centos 7","2015-04-10 22:04:46","1","0","<c++><makefile><make>","23","0","2679465","2015-04-10 22:04:46","",""
"29575206","use whiptail with anaconda kickstart","2015-04-11 07:17:43","1","0","<post><centos><installscript><whiptail>","9","0","4675232","2015-04-11 07:46:05","2015-04-11 07:46:05",""
"29590341","connect to virtual machine fro windows machine","2015-04-12 14:10:05","1","1","<networking><browser><virtual-machine>","22","-1","3133212","2015-04-13 20:50:02","2015-04-12 15:35:21",""
"29592595","rpmbuild - CentOS and RHEL","2015-04-12 17:52:23","1","0","<centos><rpm><rhel><rpmbuild>","23","-1","3842251","2015-04-12 17:52:23","",""
"29599081","slc start giving error Error: pm failed, exit with status 1","2015-04-13 06:30:35","1","0","<node.js><amazon-web-services><amazon-ec2><centos><strongloop>","28","0","1254813","2015-04-13 06:30:35","",""
"29606745","Can't get Apache & Django to talk","2015-04-13 13:38:05","1","0","<python><django><apache><mongodb><centos>","29","0","1327124","2015-04-13 17:10:21","2015-04-13 17:10:21",""
"29615389","Passenger/Apache Rails on CentOS only works in Development but not Production","2015-04-13 21:25:38","1","1","<ruby-on-rails><apache><passenger><centos6>","46","0","1000514","2015-04-14 08:51:47","2015-04-14 05:40:06",""
"29615462","install push stream module for nginx","2015-04-13 21:31:02","1","1","<nginx><module><centos>","32","0","4411367","2015-04-14 12:23:45","2015-04-14 12:23:45",""
"29619876","Writing a Storm code for simple word count Topology but it showing the folowing exception...even my storm and zookeeper is up and running on centos","2015-04-14 05:38:14","1","0","<hadoop><apache-storm>","28","-4","4687911","2015-04-14 05:57:19","2015-04-14 05:57:19",""
"29623921","Install only dblink module from postgresql-contrib package in centOS","2015-04-14 09:35:48","1","1","<postgresql><centos><dblink><zypper>","4","-2","4785935","2015-04-14 09:39:27","",""
"29628503","Issue while running neo4j DriverManager.getConnection in linux","2015-04-14 13:22:19","1","1","<neo4j><jackson><spring-data-neo4j>","25","0","3556061","2015-04-15 00:54:38","2015-04-14 17:31:46",""
"29638432","Linux Forward all the syslog","2015-04-14 22:24:26","1","1","<linux><logging><centos><redhat><syslog>","27","0","2562618","2015-04-15 13:52:22","2015-04-14 22:30:35",""
"29640143","How to Install Oracle iPlanet Web Server on CentOS 7?","2015-04-15 01:38:13","1","0","<centos><webserver><centos7>","10","0","4455789","2015-04-15 01:38:13","",""
"29642281","Eclipse with Android SDK Platform on Centos","2015-04-15 05:32:34","1","0","<centos>","9","0","4152203","2015-04-15 05:36:11","2015-04-15 05:36:11",""
"29642421","How to Compile / Run mydlp On Linux (Ubuntu/Centos)","2015-04-15 05:45:56","1","0","<linux><network-programming><centos><erlang><thrift>","29","0","","2015-04-15 05:45:56","",""
"29656198","","2015-04-15 16:51:49","2","","","","1","4793022","2015-04-18 09:28:13","2015-04-18 09:28:13",""
"29659999","Enabling FIPS on google compute engine instance","2015-04-15 20:13:43","1","1","<centos><google-compute-engine><rhel><fips>","28","1","1337004","2015-04-21 15:43:57","2015-04-21 15:43:57",""
"29665955","Lustre 2.7 installation on CentOS 6.6","2015-04-16 05:23:32","1","0","<linux-kernel><centos6><rpmbuild><lustre>","31","0","4357417","2015-04-17 18:48:55","",""
"29432126","ins-20802 - oracle net configuration assistant failed during installation - centos 7","2015-04-03 12:22:41","1","1","<oracle><centos><oracle12c><centos7>","108","0","2565403","2015-04-06 13:57:52","",""
"29494164","Need to insert the value of process ID dynamically into a command","2015-04-07 14:33:56","1","2","<linux><process><centos><file-descriptor>","18","0","2194953","2015-04-08 04:27:08","2015-04-07 14:37:45",""
"29501730","multiple tar (source files) files in rpm.spec file","2015-04-07 21:34:00","1","1","<linux><centos><rpm><centos7>","30","0","4760796","2015-04-07 21:47:27","2015-04-07 21:38:14",""
"29511541","A weird error when trying to write to HDFS","2015-04-08 10:00:29","1","1","<hdfs><cloudera-cdh>","13","0","449303","2015-04-08 10:34:59","",""
"29511655","Why all Linux terminals hang if running program with higher priority","2015-04-08 10:05:57","1","0","<linux><multithreading><terminal><centos>","42","1","1599260","2015-04-08 10:05:57","",""
"29525833","Custom gradle task for rpmbuild","2015-04-08 21:38:44","1","1","<gradle>","19","2","972562","2015-04-17 18:49:55","2015-04-09 03:45:51",""
"29541784","asterisk server and zoiper client","2015-04-09 14:47:44","1","0","<asterisk><voip>","21","-1","3474529","2015-04-09 14:47:44","",""
"29550115","","2015-04-09 22:24:19","2","","","","0","4505013","2015-04-09 22:24:19","",""
"29552297","MySQL doesn't use the options in my.cnf","2015-04-10 02:24:00","1","0","<mysql><centos><virtual-machine><database-replication>","25","0","4735194","2015-04-10 20:49:38","2015-04-10 20:49:38",""
"29569976","Linux PXE multi option selection","2015-04-10 20:16:46","1","0","<linux><pxe>","14","0","4703727","2015-04-10 20:16:46","",""
"29573849","","2015-04-11 03:41:42","2","","","","0","626084","2015-04-11 03:51:19","2015-04-11 03:51:19",""
"29578468","How can I install BackupPC on CentOS 6.5?","2015-04-11 13:34:38","1","0","<centos><backup>","24","-1","4592689","2015-04-11 13:39:59","",""
"29590583","","2015-04-12 14:34:21","2","","","","0","2646955","2015-04-13 20:50:02","2015-04-13 20:50:02",""
"29604579","","2015-04-13 11:49:16","2","","","","0","211514","2015-04-13 11:49:16","",""
"29618621","use shell script to detect inside docker container","2015-04-14 03:24:09","1","0","<shell><docker>","21","0","730346","2015-04-14 03:24:09","","2015-04-14 05:42:39"
"29622535","How to stop Exim on whm/Centos?","2015-04-14 08:27:52","1","0","<centos><whm>","17","-1","2450525","2015-04-14 08:27:52","",""
"29650744","","2015-04-15 12:51:58","2","","","","0","4783831","2015-04-15 12:51:58","",""
"29673499","can anyone tell me how to monitor services on linux (centos) host machines using nagios","2015-04-16 11:35:50","1","1","<linux><service><monitoring><nagios>","30","-5","3106184","2015-04-16 12:22:43","","2015-04-17 13:57:00"
"29559690","VSFTPD ftp server - how to see current connections for a specific user and stop ftp server accordingly","2015-04-10 10:56:52","1","0","<ftp><connection><user>","15","0","2637838","2015-04-10 10:56:52","",""
"29593668","","2015-04-12 19:26:26","2","","","","1","4040474","2015-04-12 19:26:26","",""
"29598504","How to connect to service in the host machine from inside a docker container?","2015-04-13 05:39:53","1","1","<docker><containers>","38","1","1979306","2015-04-13 05:47:49","",""
"29623701","","2015-04-14 09:24:39","2","","","","1","4783831","2015-04-14 09:24:39","",""
"29625936","automatic unwanted continuous anonymous socket calls /socket.io/?EIO=3&transport=websocket","2015-04-14 11:15:19","1","0","<node.js><express><socket.io><centos><centos7>","21","0","1254813","2015-04-14 11:23:25","2015-04-14 11:23:25",""
"29625957","transparent_hugepage/defrag warning in mongodb","2015-04-14 11:16:36","1","1","<mongodb><centos><grub>","58","0","1873210","2015-04-16 13:39:13","",""
"29627590","bosh deploy get uninitialized constant Fog::AWS::CredentialFetcher (NameError)","2015-04-14 12:40:46","1","1","<initialization><cloudfoundry><nameerror><fog><bosh>","70","0","4234049","2015-04-15 05:36:33","",""
"29649316","","2015-04-15 11:43:07","2","","","","0","2256551","2015-04-15 11:43:07","",""
"29673002","Docker swarm issue connection refused on manage","2015-04-16 11:12:48","1","0","<docker><docker-swarm>","18","0","2780735","2015-04-16 11:12:48","",""
"29466621","","2015-04-06 06:44:11","2","","","","0","280292","2015-04-06 08:11:11","2015-04-06 08:11:11",""
"29483264","","2015-04-07 03:32:20","2","","","","0","4737772","2015-04-07 03:42:38","2015-04-07 03:42:38",""
"29498948","RedHawk SDR waveform won't run in Domain Manager","2015-04-07 18:47:38","1","1","<redhawksdr>","38","1","4705012","2015-04-10 15:46:30","",""
"29509295","How to update pkg-config in cent os?","2015-04-08 08:13:17","1","1","<apache><centos><mesos><mesosphere>","11","0","2366051","2015-04-08 15:22:59","",""
"29518762","Get ID of selected button using JavaScript","2015-04-08 15:20:32","1","5","<javascript><jquery><dom>","44","1","4761623","2015-04-08 15:47:28","2015-04-08 15:22:12",""
"29539057","Amazon ec2 centos 6 spot instance root volume","2015-04-09 12:53:07","1","1","<linux><amazon-web-services><amazon-ec2><amazon><centos6>","31","0","1619555","2015-04-09 22:24:19","2015-04-09 12:58:36",""
"29572586","You don't have permission to access / on this server. Centos","2015-04-11 00:20:05","1","0","<php><linux><apache><centos>","34","0","2958190","2015-04-11 00:44:11","2015-04-11 00:44:11",""
"29631045","Is it possible to mount a webdav share on windows as something other than FAT?","2015-04-14 15:12:16","1","1","<apache><centos><webdav><pydio><sabredav>","10","-1","4787951","2015-04-14 16:55:03","",""
"29635123","How to replicate yum command via rpm?","2015-04-14 18:47:52","1","2","<linux><centos><rpm><yum>","44","1","143733","2015-04-15 16:50:56","",""
"29649079","How to set output buffer width/columns when outputting to file?","2015-04-15 11:31:11","1","1","<linux><bash><centos><yum>","22","0","346577","2015-04-15 13:46:26","2015-04-15 12:11:39",""
"29667243","Dropping root privileges and still generate coredumps","2015-04-16 06:46:02","1","1","<c><linux><unix><coredump>","79","8","2195033","2015-04-16 14:52:11","2015-04-16 14:52:11",""
"29435643","","2015-04-03 16:02:50","2","","","","0","4726675","2015-04-03 16:02:50","",""
"29462024","Can't create/write to file (Errcode: 30)","2015-04-05 20:46:13","1","0","<mysql><sql-server><linux><centos><server>","41","0","4752539","2015-04-05 20:46:13","",""
"29485728","Increase of parallel requests form node.js to external system takes more time to respond","2015-04-07 07:03:51","1","2","<javascript><node.js><node-async>","73","4","975686","2015-04-08 11:19:48","2015-04-07 08:46:46",""
"29498499","","2015-04-07 18:23:05","2","","","","0","1708119","2015-04-07 18:52:05","2015-04-07 18:52:05",""
"29504078","strange characters showing up for apostrophe in php","2015-04-08 00:57:23","1","1","<php><wordpress><pdf><centos>","37","0","84885","2015-04-09 05:21:00","",""
"29520079","Some characters in ssh are changed","2015-04-08 16:19:29","1","1","<linux><bash><ssh><centos>","15","0","2505302","2015-04-08 16:25:57","",""
"29520123","PDFKIT distoring generated pdf","2015-04-08 16:21:05","1","0","<ruby-on-rails><ruby><pdf><pdf-generation><wkhtmltopdf>","21","0","4279189","2015-04-08 16:21:05","",""
"29527894","Celery Backend Enabled, Results Say Otherwise","2015-04-09 00:53:10","1","1","<python><rabbitmq><celery><backend><amqp>","24","0","3601501","2015-04-10 01:42:21","",""
"29554904","Installing Mod_Security on CentOS","2015-04-10 06:36:41","1","1","<centos><mod-security>","28","-1","4772456","2015-04-12 19:26:26","2015-04-10 07:14:48",""
"29565224","Strange behaviour of rpm command on error in %pre section of a rpm pakage","2015-04-10 15:27:56","1","1","<centos><dependencies><rpm>","25","0","1465625","2015-04-10 20:00:24","",""
"29568265","Use mysql having access to the server by ssh","2015-04-10 18:21:14","1","0","<mysql><ssh><centos><mariadb>","19","0","1545793","2015-04-10 18:21:14","",""
"29632664","Move files (directory to directory) on a remote file system using python2.7","2015-04-14 16:30:20","1","1","<python>","27","0","4725251","2015-04-14 16:37:42","",""
"29638514","Perl - script to automatically add username and password to the Linux system","2015-04-14 22:31:43","1","0","<linux><perl><centos><system-administration>","42","0","4789440","2015-04-14 22:31:43","",""
"29638668","","2015-04-14 22:46:19","2","","","","0","43906","2015-04-14 22:46:19","",""
"29644777","How to disable THP on Centos 7 for mongodb","2015-04-15 08:03:49","1","1","<linux><mongodb><centos><centos7>","75","4","1206380","2015-04-15 13:00:25","",""
"29660421","","2015-04-15 20:37:44","2","","","","0","4793808","2015-04-15 20:37:44","",""
"29664256","How to install python debug-info for gdb?","2015-04-16 02:18:31","1","1","<python><linux><debugging><gdb><rhel>","49","0","2106207","2015-04-19 12:58:31","2015-04-17 00:50:29",""
"29679448","is it possible to see and use the return value of include_recipe method?","2015-04-16 15:33:00","1","2","<ruby><chef><cookbook>","33","1","374386","2015-04-16 23:13:04","2015-04-16 16:44:51",""
"29679453","Ejabberd On SQL Server Database","2015-04-16 15:33:14","1","1","<sql-server><centos><odbc><ejabberd>","17","0","2270160","2015-04-20 07:29:29","2015-04-16 15:56:06",""
"29679661","connecting tomcat webapp running in docker container to mysql","2015-04-16 15:41:45","1","1","<docker>","58","0","2621507","2015-04-17 17:40:51","",""